序号,片名,年份,类型,摄影指导/视觉总监,核心视觉关键词,主要摄影机/技术工具
1,Baraka,1992,纪录/实验,Ron Fricke,"non-verbal, 70mm cinematography, slow-motion, time-lapse, cultural and natural wonders",Todd-AO 65mm cameras
2,Fallen Angels,1995,电影,Christopher Doyle,"广角变形, 霓虹色彩, 手持摄影, 都市孤独, 高反差","Arriflex 35 BL, 6.5mm wide-angle lens"
3,Ghost in the Shell,1995,动漫/动画,Hisao Shirai,"Cyberpunk, Dystopian, Philosophical, Rainy, Neon-lit","Cel animation, CGI"
4,Toy Story,1995,动漫/动画,John Lasseter,"First full-length 3D CGI film, groundbreaking character animation, realistic textures and lighting",Pixar RenderMan
5,Fargo,1996,电影,Roger Deakins,"雪景构图, 极简主义, 冷色调, 广角镜头","Arriflex 35 BL4, Zeiss Standard Speed Lenses"
6,Independence Day,1996,纪录/实验,Karl Walter Lindenlaub,"large-scale destruction,practical effects,miniatures,epic scope","Panavision Panaflex, Arriflex 535"
7,Mission: Impossible,1996,电影,Stephen H. Burum,"Dutch angles, wide lenses, suspense",Panavision Panaflex Platinum
8,The English Patient,1996,电影,John Seale,"史诗感, 沙漠色调, 油画质感, 光影雕刻","Panavision Panaflex Gold, Panavision Primo Lenses"
9,The Watermelon Woman,1996,纪录/实验,Michelle Crenshaw,"mockumentary, New Queer Cinema, archival footage, direct-to-camera address, 16mm aesthetic","16mm film cameras, video"
10,Event Horizon,1997,纪录/实验,Adrian Biddle,"gothic horror,sci-fi horror,hell dimension,strobe effects","Panavision Panaflex, Arriflex 35-III"
11,Face/Off,1997,电影,Oliver Wood,"Gun-fu, slow-motion, doves",Panavision Panaflex Platinum
12,Gattaca,1997,纪录/实验,Slawomir Idziak,"retro-futurism,color-coded,sterile aesthetic,high contrast","Arriflex 35-III, Moviecam SL"
13,Gummo,1997,纪录/实验,Jean-Yves Escoffier,"non-linear narrative, lo-fi aesthetic, white trash culture, shocking imagery, mixed media (35mm, 8mm, VHS, Polaroid)","Aaton 35-III, Arriflex 535 B, Canon Auto Zoom 814, Polaroid cameras"
14,Perfect Blue,1997,动漫/动画,Hisao Shirai,"Psychological thriller, Identity, Voyeurism, Surreal, Dreamlike",Cel animation
15,Princess Mononoke,1997,动漫/动画,Atsushi Okui,"Environmentalism, Ghibli aesthetic, Hand-drawn, Mythical creatures, Epic scale","Traditional animation, Digital ink and paint"
16,Starship Troopers,1997,纪录/实验,Jost Vacano,"satire,propaganda film style,practical effects,large-scale battles","Arriflex 535, Moviecam SL"
17,The Fifth Element,1997,纪录/实验,Thierry Arbogast,"pop-art aesthetic,vibrant colors,Jean Giraud design,practical effects","Arriflex 35-III, Arriflex 435, Panavision Panaflex"
18,Titanic,1997,电影,Russell Carpenter,"史诗感, CG与实景结合, 宏大场面, 浪漫光影","Panavision Panaflex Gold II, Panavision Primo Lenses"
19,Cowboy Bebop,1998,动漫/动画,Yutaka Mase,"Space western, Film noir, Jazz-inspired, Gritty, Stylish","Cel animation, Digital effects"
20,Dark City,1998,剧集,Dariusz Wolski,"film noir,German Expressionism,gothic,urban decay","Panavision Panaflex Gold II, Panavision Primo Lenses"
21,Saving Private Ryan,1998,纪录/实验,Janusz Kamiński,"减饱和度, 90度快门, 手持摄影, 战场纪实感","Panavision Panaflex Millennium, Panavision Primo Lenses"
22,The Thin Red Line,1998,电影,John Toll,"自然光, 诗意战争, 意识流叙事, 广角风景, 哲学沉思","Panavision Panaflex Platinum, Primo Lenses"
23,American Beauty,1999,电影,Conrad L. Hall,"饱和色彩, 慢镜头, 象征主义, 塑料袋诗意","Panavision Panaflex Platinum, Panavision Primo Lenses"
24,American Movie,1999,纪录/实验,Chris Smith (Director),"filmmaking struggle, cult classic, character study, deadpan humor, low-budget aesthetic",16mm film
25,Buena Vista Social Club,1999,纪录/实验,Wim Wenders (Director),"musical rediscovery, concert film, cultural history, intimate portraits, vibrant colors","Digital Betacam, MiniDV"
26,Fight Club,1999,电影,Jeff Cronenweth,"肮脏美学, 快速剪辑, 潜意识闪回, 绿色调","Panavision Panaflex Platinum, Panavision Primo Lenses"
27,The Iron Giant,1999,动漫/动画,Steven Wilzbach,"2D/3D hybrid animation,retro-futurism,Americana,emotional storytelling","Traditional animation, CGI"
28,The Matrix,1999,纪录/实验,Bill Pope,"Bullet Time,cyberpunk,green tint,wire-fu","Panavision Panaflex, custom multi-camera rig"
29,The Sopranos,1999,剧集,"Alik Sakharov, Phil Abraham","Naturalistic lighting, long takes, subjective camera, dream sequences, cinematic framing","Panavision Panaflex Millennium, Panavision Primo Lenses (shot on 35mm film)"
30,eXistenZ,1999,纪录/实验,Peter Suschitzky,"body horror,bio-punk,virtual reality,organic technology","Arriflex 535, Panavision Primo Lenses"
31,Battle Royale,2000,电影,Katsumi Yanagijima,"Handheld, visceral, controversial",Arriflex 435
32,Chicken Run,2000,动漫/动画,"Peter Lord, Nick Park","Stop-motion animation, claymation, detailed sets and props, expressive character animation, classic Aardman style","Aardman Animations, DreamWorks Animation"
33,"Crouching Tiger, Hidden Dragon",2000,纪录/实验,Peter Pau,"wuxia,wire-fu,bamboo forest fight,painterly visuals","Arriflex 435 ES, Zeiss Lenses"
34,FLCL,2000,动漫/动画,Hisashi Ezura,"Surreal, Coming-of-age, Mecha, Energetic, Unconventional","Cel animation, Digital effects"
35,In the Mood for Love,2000,电影,"Christopher Doyle, Mark Lee Ping-bin","框中框构图, 慢镜头, 暖色调, 压抑氛围","Arriflex 535B, Cooke S4 Lenses"
36,Memento,2000,电影,Wally Pfister,"非线性叙事, 黑白与彩色交替, 记忆碎片, 悬疑氛围","Panavision Panaflex Platinum, Panavision Primo Lenses"
37,Requiem for a Dream,2000,电影,Matthew Libatique,"嘻哈蒙太奇, 鱼眼镜头, 分屏, 心理惊悚","Arriflex 35 BL4, Panavision Primo Lenses"
38,The Cell,2000,纪录/实验,Paul Laufer,"surrealism,dream logic,vibrant colors,art history references","Panavision Panaflex Platinum, Arriflex 435"
39,The Gleaners and I,2000,纪录/实验,Agnès Varda (Director),"digital video aesthetic, first-person documentary, hand-held camera, self-reflexive, essay film",Sony DVCAM PD150
40,Titan A.E.,2000,动漫/动画,Andy Gaskill,"2D/3D hybrid animation,space opera,post-apocalyptic,dynamic action","Traditional animation, CGI (Digital Domain)"
41,Vampire Hunter D: Bloodlust,2000,动漫/动画,Hitoshi Yamaguchi,"gothic horror,dark fantasy,detailed animation,baroque aesthetic","Traditional animation, CGI"
42,A.I. Artificial Intelligence,2001,纪录/实验,Janusz Kamiński,"Kubrickian aesthetic,desaturated colors,bleached-out lighting,futuristic design","Panavision Panaflex Millennium XL, Arriflex 35-C"
43,Amélie,2001,纪录/实验,Bruno Delbonnel,"magical realism,saturated colors,whimsical,Paris aesthetic","Arricam, Moviecam, Cooke S4 lenses"
44,Cowboy Bebop: The Movie,2001,动漫/动画,Yôichi Ôgami,"space western,neo-noir,cel animation,cinematic action","Traditional animation, CGI"
45,Final Fantasy: The Spirits Within,2001,动漫/动画,Motonori Sakakibara,"photorealistic CGI,motion capture,sci-fi horror,uncanny valley","Autodesk Maya, custom rendering software"
46,Millennium Actress,2001,动漫/动画,Hisao Shirai,"non-linear narrative,match cuts,historical Japan,surrealism","Traditional animation, digital compositing"
47,"Monsters, Inc.",2001,动漫/动画,"Pete Docter, David Silverman","Advanced fur simulation, complex character rigs, detailed environments, expressive lighting",Pixar RenderMan
48,Mulholland Drive,2001,电影,Peter Deming,"梦境逻辑, 霓虹光影, 身份错乱, 超现实主义","Panavision Panaflex Platinum, Panavision C-Series Lenses"
49,Shaolin Soccer,2001,动漫/动画,"Kwong-hung Chan, Pak-huen Kwen","CGI, comedy, kung-fu",Moviecam Compact
50,Six Feet Under,2001,剧集,Alan Caso,"Saturated colors, surreal sequences, split diopter shots, dark humor, character-driven lighting","Panavision Panaflex, Panavision Primo Lenses (shot on 35mm film)"
51,Spirited Away,2001,动漫/动画,Atsushi Okui,"hand-drawn animation,yokai,bathhouse,magical realism","Traditional animation, digital ink & paint (Softimage 3D)"
52,The Lord of the Rings: The Fellowship of the Ring,2001,纪录/实验,Andrew Lesnie,"epic landscapes,forced perspective,naturalistic lighting,color grading","Arriflex 35 IIC, Arriflex 435, Arriflex 535"
53,Waking Life,2001,动漫/动画,Richard Linklater,"Rotoscoping, dreamlike visuals, philosophical themes, constantly shifting animation styles, experimental narrative","Fox Searchlight Pictures, Thousand Words"
54,Winged Migration,2001,纪录/实验,Jacques Perrin (Director),"immersive bird flight, custom-built aircraft, aerial cinematography, natural spectacle, non-narrative","35mm film, custom lightweight cameras"
55,28 Days Later,2002,电影,Anthony Dod Mantle,"DV footage, kinetic, post-apocalyptic",Canon XL1
56,City of God,2002,纪录/实验,César Charlone,"纪实感, 快速剪辑, 手持摄影, 高对比度","Arriflex 16 SR3, Zeiss Super Speed Lenses"
57,Far from Heaven,2002,电影,Edward Lachman,"致敬50年代情节剧, Technicolor风格, 高饱和色彩, 人工布光","Arriflex 535B, Cooke S4 Lenses"
58,Hero,2002,纪录/实验,Christopher Doyle,"color theory,wuxia,symmetrical composition,epic scale","Arriflex 435ES, Arriflex 535"
59,Minority Report,2002,纪录/实验,Janusz Kamiński,"high-contrast,desaturated,bleach bypass,holographic interfaces","Panavision Panaflex Millennium XL, Arriflex 435"
60,Road to Perdition,2002,电影,Conrad L. Hall,"黑色电影, 雨中光影, 漫画构图, 压抑氛围","Panavision Panaflex Millennium, Panavision C-Series Lenses"
61,Russian Ark (Russkiy kovcheg),2002,纪录/实验,Tilman Büttner,"single continuous shot, historical pageant, dreamlike journey, museum as character, digital cinematography","Sony CineAlta HDW-F900, Steadicam"
62,Spellbound,2002,纪录/实验,Jeffrey Blitz (Director),"character-driven, competition documentary, suspenseful editing, diverse portraits, talking heads",Digital video cameras
63,The Shield,2002,剧集,Rohn Schmidt,"Documentary style, handheld camera, fast-paced editing, gritty realism, 16mm film look","Aaton XTR Prod, Panavision Panaflex (shot on 16mm and 35mm film)"
64,The Wire,2002,剧集,"Uta Briesewitz, Eagle Egilsson, Russell Lee Fine","Documentary realism, naturalistic lighting, long takes, ensemble framing, gritty aesthetic","Panavision Panaflex Millennium XL, Panavision Primo Lenses (shot on 35mm film)"
65,Arrested Development,2003,剧集,"Patrick Alexander Stewart, James Hawkinson","Handheld camera, mockumentary style, quick zooms, archival footage, cutaway gags","Panasonic VariCam LT, Sony DSR-PD150, Fujinon Cabrio Lenses"
66,Dogville,2003,电影,Anthony Dod Mantle,"极简舞台, 粉笔线条布景, 打破第四面墙, 实验叙事, 戏剧化光影",Sony HDW-F900 (Digital)
67,Kill Bill: Vol. 1,2003,电影,Robert Richardson,"Genre-blending, vibrant, split-screen","Arriflex 435, Panavision Panaflex Millennium XL"
68,Master and Commander: The Far Side of the World,2003,纪录/实验,Russell Boyd,"海战纪实感, 自然光, 广角海景, 混乱中的秩序","Panavision Panaflex Millennium, Panavision Primo Lenses"
69,Oldboy,2003,电影,Chung Chung-hoon,"广角畸变, 走廊长镜头, 绿色调, 漫画感","Arriflex 535B, Zeiss Ultra Prime Lenses"
70,The Matrix Reloaded,2003,纪录/实验,Bill Pope,"virtual cinematography,Burly Brawl,digital humans,upgraded bullet time","Arriflex 435 ES, Panavision Primo Lenses"
71,The Triplets of Belleville,2003,动漫/动画,Sylvain Chomet,"Exaggerated character designs, hand-drawn animation, limited dialogue, nostalgic and surreal atmosphere, unique color palette","Les Armateurs, Production Champion"
72,Touching the Void,2003,纪录/实验,Mike Eley,"docudrama, survival story, mountain climbing, reenactments, talking heads","Super 16mm film, digital video"
73,2046,2004,电影,"Christopher Doyle, Kwan Pung-Leung, Lai Yiu-Fai","未来主义, 霓虹光影, 碎片化叙事, 怀旧色调","Arriflex 535B, Cooke S4 Lenses"
74,Appleseed,2004,动漫/动画,Shinji Aramaki,"cel-shaded CGI,mecha,cyberpunk,motion capture",3D Live Anime (cel-shading + motion capture)
75,Born into Brothels,2004,纪录/实验,"Zana Briski, Ross Kauffman","participatory documentary, photography as empowerment, social change, children's perspectives, verité",MiniDV cameras
76,Collateral,2004,电影,"Dion Beebe, Paul Cameron","早期数字摄影, 洛杉矶夜景, 高感光度, 城市光影, 数字先驱","Thomson Viper FilmStream, Sony F900"
77,Eternal Sunshine of the Spotless Mind,2004,纪录/实验,Ellen Kuras,"surrealism,in-camera effects,long takes,non-linear narrative","Aaton 35-III, Arriflex 435"
78,Gankutsuou: The Count of Monte Cristo,2004,动漫/动画,Takeo Ogiwara,"Digital textures, Gothic, Sci-fi, Ornate patterns, Theatrical","Digital animation, Photoshop textures"
79,Ghost in the Shell 2: Innocence,2004,动漫/动画,Miki Sakuma,"2D/3D hybrid animation,cyberpunk,dystopian,philosophical","Digital animation (Toon Boom, After Effects)"
80,Harry Potter and the Prisoner of Azkaban,2004,纪录/实验,Michael Seresin,"darker tone,gothic aesthetic,long takes,wide-angle lenses","Arricam ST, Arricam LT"
81,Howl's Moving Castle,2004,动漫/动画,Atsushi Okui,"Ghibli aesthetic, Fantasy, Moving castle, Hand-drawn, Whimsical","Traditional animation, Digital ink and paint"
82,Mind Game,2004,动漫/动画,Shinichirō Watanabe,"Experimental, Psychedelic, Mixed media, Unconventional, Free-form","2D animation, Live-action rotoscoping, CGI"
83,Steamboy,2004,动漫/动画,Atsushi Okui,"Steampunk, Victorian England, Hyper-detailed, Mechanical, Action-packed","Traditional animation, CGI"
84,The Aviator,2004,电影,Robert Richardson,"复古色调, 两色和三色特艺处理, 史诗感, 航空摄影","Panavision Panaflex Millennium XL, Panavision Primo Lenses"
85,The Incredibles,2004,动漫/动画,Brad Bird,"Stylized human characters, action-oriented cinematography, complex special effects, mid-century modern aesthetic",Pixar RenderMan
86,The Polar Express,2004,动漫/动画,Robert Zemeckis,"Performance capture, photorealistic CGI, uncanny valley, magical and festive atmosphere, detailed and immersive environments","ImageMovers, Playtone"
87,Final Fantasy VII: Advent Children,2005,动漫/动画,Shunya Onishi,"photorealistic CGI,fast-paced action,anime aesthetic,detailed environments","Autodesk Maya, Pixar RenderMan"
88,Grizzly Man,2005,纪录/实验,Peter Zeitlinger,"found footage, nature documentary, obsessive personality, tragic narrative, philosophical narration","Aaton LTR, Canon GL2 (Treadwell's camera), MiniDV"
89,Memoirs of a Geisha,2005,电影,Dion Beebe,"和风美学, 精致布光, 柔光, 色彩象征","Panavision Panaflex Millennium XL, Panavision Primo Lenses"
90,Mushishi,2005,动漫/动画,Yoshihisa Oyama,"Mushi, Supernatural, Serene, Atmospheric, Naturalistic",Digital animation
91,Sin City,2005,纪录/实验,Robert Rodriguez,"neo-noir,high-contrast,selective color,comic book aesthetic",Sony HDC-F950
92,The Office (US),2005,剧集,"Randall Einhorn, Matt Sohn","Mockumentary style, handheld camera, zoom shots, talking heads, awkward framing","Sony Digital Betacam, Panasonic VariCam"
93,V for Vendetta,2005,纪录/实验,Adrian Biddle,"dystopian,noir,high contrast,Guy Fawkes mask","Arricam LT, Arricam ST"
94,Wallace & Gromit: The Curse of the Were-Rabbit,2005,动漫/动画,"Nick Park, Steve Box","Stop-motion animation, claymation, detailed and charming characters, inventive gadgets, classic British humor","Aardman Animations, DreamWorks Animation"
95,300,2006,纪录/实验,Larry Fong,"crush contrast,sepia tone,speed ramping,greenscreen","Panavision Panaflex Millennium XL, Arriflex 435"
96,A Scanner Darkly,2006,动漫/动画,Richard Linklater,"Rotoscoping, painterly aesthetic, interpolated rotoscoping, surreal and dreamlike visuals, psychedelic imagery","Warner Independent Pictures, Thousand Words"
97,Babel,2006,纪录/实验,Rodrigo Prieto,"多国叙事, 色温差异, 纪实风格, 手持摄影, 文化色彩对比","Arricam LT/ST, Panavision Primo"
98,Children of Men,2006,纪录/实验,Emmanuel Lubezki,"long takes,handheld camera,dystopian realism,natural lighting","Arricam Lite, Arriflex 235"
99,Dexter,2006,剧集,Romeo Tirone,"Saturated colors, extreme close-ups, subjective camera, split-screen, stylized violence","Arriflex 435, Sony F23, Arri Alexa, Nikon D800, Panavision Primo Lenses"
100,Manufactured Landscapes,2006,纪录/实验,Peter Mettler,"large-format photography, industrial sublime, environmental critique, slow-panning shots, meditative tone","Super 16mm film, digital video"
101,Pan's Labyrinth,2006,纪录/实验,Guillermo Navarro,"dark fantasy,color palette,practical effects,symbolism","Arriflex 435, Moviecam Compact"
102,Paprika,2006,动漫/动画,Michiya Katou,"surrealism,dream logic,match cuts,vibrant colors","Traditional animation, digital compositing"
103,Planet Earth,2006,纪录/实验,Various,"epic scale, high-definition cinematography, time-lapse, aerial photography, intimate wildlife portraits","Varicam, Phantom, RED One"
104,Tekkonkinkreet,2006,动漫/动画,Shinji Kimura,"dynamic camerawork,distorted perspectives,gritty urban,manga style","2D/3D hybrid animation, Toon Shading"
105,The Fall,2006,剧集,Colin Watkinson,"surrealism,epic landscapes,vibrant colors,practical effects","Arriflex 535, Moviecam Compact"
106,The Fountain,2006,纪录/实验,Matthew Libatique,"macro photography,practical effects,three timelines,symbolic imagery","Panavision XL, Arriflex 435"
107,The Girl Who Leapt Through Time,2006,动漫/动画,Tomoaki Tsuruoka,"Time travel, Slice of life, Emotional, Summer, Photorealistic backgrounds",Digital animation
108,The Host,2006,电影,Kim Hyung-koo,"Creature effects, desaturated, handheld",Arriflex 435
109,5 Centimeters Per Second,2007,动漫/动画,Makoto Shinkai,"Photorealistic, Light and shadow, Distance, Melancholy, Detailed backgrounds",Digital animation
110,Atonement,2007,电影,Seamus McGarvey,"敦刻尔克长镜头, 柔光滤镜, 浪漫主义, 绿色调","Arricam Lite (LT), Cooke S4 Lenses"
111,Beowulf,2007,动漫/动画,Robert Zemeckis,"Performance capture, photorealistic CGI, uncanny valley, dark and mature themes, epic and fantastical visuals","ImageMovers Digital, Shangri-La Entertainment"
112,Encounters at the End of the World,2007,纪录/实验,Peter Zeitlinger,"quirky characters, extreme environment, underwater cinematography, philosophical narration, sublime landscapes",Digital video cameras
113,Evangelion: 1.0 You Are (Not) Alone,2007,动漫/动画,Shunji Suzuki,"Mecha, Post-apocalyptic, Psychological, Rebuild, Cinematic","Digital animation, CGI"
114,Mad Men,2007,剧集,"Phil Abraham, Chris Manley","Period-accurate aesthetic, meticulous composition, slow camera movements, naturalistic lighting, symbolic visuals","Panavision Panaflex Platinum, Arri Alexa, Panavision Primo Lenses (shot on 35mm film for early seasons)"
115,Mononoke,2007,动漫/动画,Takashi Hashimoto,"Ukiyo-e style, Paper-like textures, Avant-garde, Horror, Stylized",Digital animation
116,No Country for Old Men,2007,电影,Roger Deakins,"极简主义, 自然光, 广角镜头, 阴影运用","Arricam Lite (LT), Cooke S4 Lenses"
117,Persepolis,2007,动漫/动画,Marc Jousset (Artistic Director),"black-and-white,graphic novel style,autobiographical,2D animation","Traditional 2D animation, Adobe After Effects"
118,Sunshine,2007,纪录/实验,Alwin H. Küchler,"lens flare,golden hues,claustrophobic,subliminal cuts","Arricam ST, Moviecam Compact"
119,The Assassination of Jesse James by the Coward Robert Ford,2007,电影,Roger Deakins,"去焦镜头, 怀旧色调, 油画质感, 诗意构图","Arriflex 535B, Panavision C-Series Lenses"
120,The Diving Bell and the Butterfly,2007,电影,Janusz Kamiński,"主观视角, 模糊与清晰交替, 记忆闪回, 光斑","Panavision Panaflex Millennium XL, Panavision Primo Lenses"
121,There Will Be Blood,2007,电影,Robert Elswit,"油画质感, 广角远景, 静态构图, 阴郁色调","Panavision Panaflex Millennium XL, Panavision C-Series Lenses"
122,Up the Yangtze,2007,纪录/实验,Yung Chang (Director),"observational documentary, social change, personal stories, farewell cruise, Three Gorges Dam",Digital video cameras
123,Zodiac,2007,纪录/实验,Harris Savides,"数字摄影, 纪实风格, 70年代质感, 阴郁氛围",Thomson Viper FilmStream Camera
124,Anvil! The Story of Anvil,2008,纪录/实验,Christopher Soos,"rockumentary, comedy of errors, underdog story, emotional journey, concert footage",Digital video cameras
125,Breaking Bad,2008,剧集,Michael Slovis,"Wide shots, unusual camera angles, POV shots, time-lapses, color symbolism","Arricam LT/ST, Arriflex 435, Cooke S4, Angenieux Optimo, Canon Lenses (shot on 35mm film)"
126,Kung Fu Panda,2008,动漫/动画,"Mark Osborne, John Stevenson","3D animation, stylized martial arts action, Chinese-inspired art direction, expressive character animation, vibrant color palette","DreamWorks Animation, Pacific Data Images"
127,Let the Right One In,2008,电影,Hoyte van Hoytema,"Swedish winter, minimalist, melancholic",Arriflex 435
128,Man on Wire,2008,纪录/实验,Igor Martinovic,"heist-film structure, archival footage, stylized reenactments, suspenseful narrative, talking heads","16mm and 35mm film (reenactments), archival video and photos"
129,Slumdog Millionaire,2008,电影,Anthony Dod Mantle,"倾斜镜头, 高饱和度, 动态模糊, 交叉剪辑","Silicon Imaging SI-2K, Canon Cine Lenses"
130,Speed Racer,2008,动漫/动画,David Tattersall,"hyper-stylized,psychedelic colors,anime aesthetic,CGI-heavy","Sony CineAlta F23, Panavision Genesis"
131,"Synecdoche, New York",2008,电影,Frederick Elmes,"戏中戏结构, 现实与虚构模糊, 衰败美学, 自然光","Arriflex 435, Zeiss Ultra Prime Lenses"
132,The Curious Case of Benjamin Button,2008,电影,Claudio Miranda,"数字面部替换, 时间逆转, 柔和光影, 怀旧色调, VFX里程碑","Thomson Viper FilmStream, Red One"
133,The Dark Knight,2008,剧集,Wally Pfister,"IMAX, gritty realism, urban decay","IMAX MSM 9802, Panavision Panaflex Millennium XL2"
134,WALL-E,2008,动漫/动画,"Jeremy Lasky, Danielle Feinberg (Directors of Photography)","anamorphic look,photorealistic rendering,minimal dialogue,post-apocalyptic","Pixar RenderMan, virtual cameras consulted by Roger Deakins"
135,Waltz with Bashir,2008,动漫/动画,Yoni Goodman (Animation Director),"animated documentary,rotoscoping,surrealism,memory","Adobe Flash, classic animation, 3D animation"
136,Avatar,2009,纪录/实验,Mauro Fiore,"performance capture,3D filmmaking,bioluminescence,virtual camera","Sony CineAlta F23, Sony HDC-1500, Fusion Camera System"
137,Coraline,2009,动漫/动画,Henry Selick,"Stop-motion animation, stereoscopic 3D, handcrafted puppets and sets, dark and atmospheric visuals","Laika, View-Master"
138,District 9,2009,动漫/动画,Trent Opaloch,"found footage,documentary style,social commentary,photorealistic CGI","Red One, Sony CineAlta F950, Phantom HD"
139,Enter the Void,2009,电影,Benoît Debie,"主观视角, 频闪, 迷幻色彩, 灵魂出窍","Arricam Lite (LT), Cooke S4 Lenses"
140,Fantastic Mr. Fox,2009,动漫/动画,Wes Anderson,"Stop-motion animation, symmetrical compositions, detailed miniature sets, warm color palette, whimsical aesthetic","20th Century Fox Animation, Indian Paintbrush"
141,Inglourious Basterds,2009,电影,Robert Richardson,"多语言, 章节式叙事, 紧张对话场面, 复古风格","Panavision Panaflex Millennium XL, Panavision Primo Lenses"
142,Mary and Max,2009,动漫/动画,Adam Elliot,"Stop-motion animation, claymation, black-and-white with splashes of color, detailed and expressive characters, melancholic and humorous tone","Melodrama Pictures, SBS Independent"
143,Monogatari Series,2009,动漫/动画,Akiyuki Shinbo,"Avant-garde, Minimalism, Text-based visuals, Head tilts, Shaft-style",Digital animation
144,Moon,2009,纪录/实验,Gary Shaw,"retro sci-fi,model work,isolation,minimalist aesthetic","Arricam LT, Arriflex 435"
145,Prisoners of War,2009,剧集,Itai Ne'eman,"Psychological drama,post-traumatic stress,suspenseful storytelling,naturalistic cinematography",ARRI Alexa
146,Redline,2009,动漫/动画,Takeshi Koike,"Hand-drawn, Extreme perspective, High speed, Sci-fi racing, Explosive",Traditional animation (7 years of production)
147,Star Trek,2009,纪录/实验,Dan Mindel,"lens flare,dynamic camera movement,anamorphic format,slick aesthetic","Panavision Panaflex Millennium XL2, Arriflex 235, Red One"
148,Summer Wars,2009,动漫/动画,Mamoru Hosoda,"Virtual world, Family, Contrast, Colorful, Dynamic","Digital animation, CGI"
149,The Secret in Their Eyes,2009,剧集,Félix Monti,"Crime thriller,non-linear narrative,long take,emotional depth",Red One Camera
150,The Secret of Kells,2009,动漫/动画,Ross Stewart (Art Director),"Celtic art,illuminated manuscript,2D animation,mythology","Traditional 2D animation, Adobe Flash"
151,The White Ribbon,2009,电影,Christian Berger,"黑白摄影, 高对比度, 静态构图, 压抑氛围","Arricam Lite (LT), Cooke S4 Lenses"
152,Up,2009,动漫/动画,"Pete Docter, Bob Peterson","Stylized character design, vibrant color script, painterly environments, emotional storytelling through visuals",Pixar RenderMan
153,Watchmen,2009,剧集,Larry Fong,"stylized realism,slow motion,dark and gritty,graphic novel aesthetic","Arriflex 435, Panavision Panaflex Millennium XL2"
154,Alice in Wonderland,2010,动漫/动画,Dariusz Wolski,"surreal,gothic,vibrant colors,CGI-heavy","Panavision Genesis HD Camera, Sony CineAlta F23, Dalsa Origin"
155,Bill Cunningham New York,2010,纪录/实验,Richard Press (Director),"street style photography, character study, urban anthropology, joyful tone, observational",Digital video cameras
156,Black Swan,2010,电影,Matthew Libatique,"手持跟拍, 心理惊悚, 镜面反射, 高对比度","Arriflex 16 SR3, Zeiss Super Speed Lenses"
157,Cave of Forgotten Dreams,2010,纪录/实验,Peter Zeitlinger,"3D cinematography, prehistoric art, confined spaces, scientific exploration, ethereal lighting",Custom-built 3D camera rigs
158,Exit Through the Gift Shop,2010,纪录/实验,"Banksy (Director), various cinematographers","street art, mockumentary, found footage, cultural commentary, hoax narrative",Various consumer and prosumer video cameras
159,How to Train Your Dragon,2010,动漫/动画,"Chris Sanders, Dean DeBlois","3D animation, dynamic flight sequences, detailed character and creature designs, expressive animation, cinematic scope","DreamWorks Animation, Mad Hatter Entertainment"
160,Senna,2010,纪录/实验,Asif Kapadia (Director),"archival footage, fast-paced editing, immersive sound design, motor racing action, emotional narrative","Archival broadcast footage, 35mm and 16mm film"
161,Sherlock,2010,剧集,"Steve Lawes, Fabian Wagner","On-screen text, fast-paced editing, innovative transitions, stylized visuals, subjective camera","Sony CineAlta F35, Arri Alexa, Cooke S4, Zeiss Super Speed Lenses"
162,Shutter Island,2010,电影,Robert Richardson,"Neo-noir, gothic, psychological",Panavision Panaflex Millennium XL2
163,Tangled,2010,动漫/动画,"Nathan Greno, Byron Howard","3D animation with a traditional 2D look, painterly style, advanced hair simulation, lantern sequence",Disney's Hyperion
164,The Secret World of Arrietty,2010,动漫/动画,Atsushi Okui,"Ghibli aesthetic, Miniature world, Detailed nature, Light and shadow, Hand-drawn","Traditional animation, Digital ink and paint"
165,The Social Network,2010,电影,Jeff Cronenweth,"数字质感, 浅景深, 阴影运用, 冷色调","Red One MX, Zeiss Master Prime Lenses"
166,The Tatami Galaxy,2010,动漫/动画,Masaaki Yuasa,"Stylized, Fast-paced narration, Limited color palette, Surreal, Time loops",Digital animation
167,Waste Land,2010,纪录/实验,Lucy Walker (Director),"social transformation, art from trash, inspirational journey, observational, collaborative process",Digital video cameras
168,Attack the Block,2011,剧集,Tom Townend,"Low-budget VFX,Creature design (bioluminescent teeth),Urban setting,Fast-paced and energetic,Guerilla filmmaking style",ARRIFLEX 416
169,Black Mirror,2011,剧集,"Stephan Pehrsson, George Steel, Gustav Danielsson","Diverse aesthetics, sleek near-future design, genre-bending visuals, psychological framing, high-concept cinematography","Arri Alexa, Panasonic VariCam, RED cameras, various vintage and modern lenses"
170,Drive,2011,电影,Newton Thomas Sigel,"新黑色电影, 霓虹美学, 慢镜头, 极简对话","Arri Alexa, Zeiss Master Prime Lenses"
171,From Up on Poppy Hill,2011,动漫/动画,Atsushi Okui,"Ghibli aesthetic, 1960s Japan, Nostalgic, Hand-drawn, Slice of life","Traditional animation, Digital ink and paint"
172,Game of Thrones,2011,剧集,"Fabian Wagner, Jonathan Freeman, Robert McLachlan, Anette Haellmigk, Gregory Middleton","Epic scale, naturalistic lighting, distinct color palettes for regions, large-scale battles, practical locations","Arri Alexa, Red Epic Dragon, Cooke S4/i, Angenieux Optimo Lenses"
173,Hugo,2011,电影,Robert Richardson,"3D立体感, 致敬早期电影, 暖色调, 魔法感","Arri Alexa, Zeiss Master Prime Lenses"
174,Melancholia,2011,剧集,Manuel Alberto Claro,"Operatic visuals,Slow-motion sequences,Tableau-like compositions,Desaturated colors,Apocalyptic beauty",Phantom HD
175,Puella Magi Madoka Magica,2011,动漫/动画,Shinichirō Miki,"Dark magical girl, Witch labyrinths, Paper cut-out style, Surreal, Faustian bargain",Digital animation
176,Rango,2011,动漫/动画,Gore Verbinski,"Photorealistic CGI, detailed and textured characters, western genre tropes, cinematic lighting and cinematography","Industrial Light & Magic, Blind Wink"
177,Samsara,2011,纪录/实验,Ron Fricke,"non-verbal, global tapestry, 70mm cinematography, time-lapse, spiritual journey","Panavision System 65, digital time-lapse cameras"
178,Shame,2011,电影,Sean Bobbitt,"冷色调, 长镜头, 极简构图, 都市疏离, 负空间",Arri Alexa
179,Source Code,2011,剧集,Don Burgess,"Repetitive structure visuals,Time loop effects,Contained thriller,Sci-fi elements within reality,Fast-paced editing",ARRIFLEX 435
180,The Adventures of Tintin,2011,动漫/动画,Steven Spielberg,"Performance capture, photorealistic CGI, classic comic book aesthetic, dynamic action sequences, detailed environments","Weta Digital, Amblin Entertainment"
181,The Artist,2011,电影,Guillaume Schiffman,"黑白默片, 经典好莱坞风格, 4:3画幅, 表演性布光","Arricam LT, Cooke S4 Lenses"
182,The Bridge,2011,剧集,"Jørgen Johansson, Olof Johnson","Nordic noir,bleak and atmospheric,stylized cinematography,cross-cultural investigation",ARRI Alexa
183,The Raid: Redemption,2011,电影,"Matt Flannery, Dimas Imam Subhono","Fast-paced, kinetic, brutal",Panasonic AF100
184,The Tree of Life,2011,电影,Emmanuel Lubezki,"自然光, 手持摄影, 广角镜头, 流动性","Arricam Lite (LT), Zeiss Master Prime Lenses"
185,The Turin Horse (A torinói ló),2011,纪录/实验,Fred Kelemen,"black and white, long takes, existential dread, minimalist aesthetic, repetitive daily life","ARRIFLEX 535 B, Zeiss Lenses, Angenieux Lenses"
186,Anna Karenina,2012,电影,Seamus McGarvey,"舞台剧风格, 华丽场面调度, 变形镜头光晕, 流动长镜头","Panavision Panaflex Millennium XL, Panavision G-Series Lenses"
187,Django Unchained,2012,电影,Robert Richardson,"意大利西部片风格, 变焦镜头, 血浆美学, 高对比度","Panavision Panaflex Millennium XL, Panavision Primo Lenses"
188,Holy Motors,2012,电影,"Yves Cape, Caroline Champetier","多重身份, 风格杂糅, 边缘人物, 数字与胶片","Red Epic, Angenieux Optimo Lenses"
189,How to Survive a Plague,2012,纪录/实验,David France (Director),"archival activism, historical chronicle, emotional storytelling, AIDS crisis, citizen journalism","Archival news footage, home videos (Hi8, VHS)"
190,Life of Pi,2012,剧集,Claudio Miranda,"3D cinematography,Vibrant colors,CG/live-action integration,Magical realism,Water simulation",ARRI Alexa
191,Looper,2012,剧集,Steve Yedlin,"Near-future aesthetic,Gritty and grounded sci-fi,Telekinesis effects,Time travel visuals,Blend of noir and western",ARRIFLEX 435
192,ParaNorman,2012,动漫/动画,"Chris Butler, Sam Fell","Stop-motion animation, 3D color printing for faces, expressive character animation, detailed sets and environments","Laika, 3D Systems"
193,Prometheus,2012,剧集,Dariusz Wolski,"Large-scale sets,Stereoscopic 3D,Dark and moody lighting,Alien architecture,Holographic interfaces",RED Epic
194,Searching for Sugar Man,2012,动漫/动画,Malik Bendjelloul (Director),"Super 8mm aesthetic, investigative narrative, archival footage, animation, iPhone filming","Super 8mm camera, iPhone 4S with 8mm Vintage Camera app"
195,Skyfall,2012,电影,Roger Deakins,"Silhouette, vibrant, reflective","Arri Alexa Studio, Arri Alexa Plus"
196,The Act of Killing,2012,纪录/实验,"Carlos Arango de Montis, Lars Skree","surreal reenactments, hyper-stylized genre pastiche, documentary of the imagination, perpetrator's perspective, ethical ambiguity",Digital cameras (specifics not widely disclosed)
197,Wolf Children,2012,动漫/动画,Mamoru Hosoda,"Nature, Family, Transformation, Hand-drawn characters, Photorealistic backgrounds",Digital animation
198,12 Years a Slave,2013,动漫/动画,Sean Bobbitt,"静态长镜头,自然光,油画质感","Arricam LT/ST, Cooke S4, Angenieux Optimo"
199,Attack on Titan,2013,动漫/动画,Kyoji Asano,"Gritty, Post-apocalyptic, Giant humanoid creatures, 3D maneuver gear, Despair","2D animation, CGI for titans and backgrounds"
200,Cutie and the Boxer,2013,纪录/实验,Zachary Heinzerling (Director),"intimate portrait, artistic struggle, love and resentment, archival footage, verité-style","Canon XF305, Canon 5D Mark II"
201,Frozen,2013,动漫/动画,"Chris Buck, Jennifer Lee","Advanced snow and ice simulation, detailed character animation, Broadway-style musical numbers, vibrant color palette",Disney's Hyperion
202,Generation War,2013,剧集,David Slama,"Handheld camera, desaturated color palette, realistic battle sequences, subjective perspective, gritty realism","Arri Alexa, Cooke S4 Lenses"
203,Gravity,2013,剧集,Emmanuel Lubezki,"Long takes,Virtual cinematography,LED lighting box,Zero-gravity simulation,First-person POV",ARRI Alexa
204,Hannibal,2013,剧集,"James Hawkinson, Karim Hussain","Macabre beauty, food styling, slow-motion, surreal imagery, dark and elegant aesthetic","Arri Alexa, Cooke S4 Lenses"
205,Her,2013,剧集,Hoyte van Hoytema,"Soft focus,Warm color palette,Shallow depth of field,Pastel colors,Near-future aesthetic",ARRI Alexa XT
206,Ida,2013,动漫/动画,"Łukasz Żal, Ryszard Lenczewski","黑白摄影,4:3画幅,极简构图","Arri Alexa Plus 4:3, Zeiss Ultra Prime Lenses"
207,Jodorowsky's Dune,2013,动漫/动画,Frank Pavich (Director),"concept art, interviews, animated storyboards, cult film history, talking heads",Digital cameras
208,Kill la Kill,2013,动漫/动画,Hiroyuki Imaishi,"Exaggerated animation, High energy, Action-comedy, Minimalist backgrounds, Explosive",Digital animation
209,Pacific Rim,2013,剧集,Guillermo Navarro,"Kaiju scale,Neon-drenched nights,Rain and water effects,Mecha design,Practical and digital VFX blend",RED Epic
210,Peaky Blinders,2013,剧集,"George Steel, Cathal Watters, Laurie Rose, Si Bell, Mathieu Plainfossé","High-contrast lighting, deep shadows, muted color palette, cinematic flair, slow-motion","Arri Alexa, RED Monstro, Panavision Primo, Cooke Anamorphic/i"
211,Rick and Morty,2013,动漫/动画,Various,"Retro sci-fi aesthetic, vibrant and chaotic visuals, surreal character designs, limited animation style",Toon Boom Harmony
212,Snowpiercer,2013,剧集,Hong Kyung-pyo,"Claustrophobic interiors,Linear progression,Contrasting train cars,Gritty textures,Cold color palette",Arricam LT
213,The Garden of Words,2013,动漫/动画,Makoto Shinkai,"Photorealistic rain, Hyper-detailed, Reflective surfaces, Lush greenery, Light and shadow","Digital animation, CGI"
214,The Grandmaster,2013,动漫/动画,Philippe Le Sourd,"王家卫式美学,光影雕刻,雨中打斗","Arricam LT/ST, Cooke Panchro, Angenieux HR"
215,The Great Beauty,2013,动漫/动画,Luca Bigazzi,"罗马浮世绘,华丽运动镜头,超现实","Arricam LT, Zeiss Master Prime Lenses"
216,The Tale of The Princess Kaguya,2013,动漫/动画,Isao Takahata,"水墨画风,极简线条,留白艺术","Studio Ghibli, Hand-drawn animation"
217,The Wind Rises,2013,动漫/动画,Atsushi Okui,"Ghibli aesthetic, Historical, Aviation, Hand-drawn, Realistic","Traditional animation, Digital ink and paint"
218,Under the Skin,2013,剧集,Daniel Landin,"Hidden cameras,Naturalistic lighting,Abstract visuals,Alien perspective,Minimalist sci-fi",ARRI Alexa
219,Upstream Color,2013,电影,Shane Carruth,"微距摄影, 有机纹理, 碎片叙事, 自然光, 感官体验",Panasonic GH2 (Micro Four Thirds)
220,Utopia (UK),2013,剧集,"Lol Crawley, Ole Bratt Birkeland","Hyper-saturated colors, graphic novel aesthetic, symmetrical framing, wide-angle lenses, unsettling atmosphere","Arri Alexa, Cooke S4/i Lenses"
221,"20,000 Days on Earth",2014,纪录/实验,Erik Wilson,"staged documentary, creative process, fictionalized day-in-the-life, musical performance, psychological portrait",Arri Alexa
222,Big Hero 6,2014,动漫/动画,"Don Hall, Chris Williams","Hybrid of American and Japanese animation styles, futuristic city design, advanced rendering techniques, action-packed sequences",Disney's Hyperion
223,Birdman,2014,动漫/动画,Emmanuel Lubezki,"一镜到底,魔幻现实,广角镜头","Arri Alexa M, Leica Summilux-C, Zeiss Master Primes"
224,Edge of Tomorrow,2014,剧集,Dion Beebe,"Kinetic action,Exosuit combat,Time loop repetition,Gritty war aesthetic,Practical and digital VFX blend",ARRIFLEX 435
225,Ex Machina,2014,电影,Rob Hardy,"极简建筑, 冷色科技感, 自然光与人工光对比, 对称构图, 玻璃反射",Red Epic Dragon
226,Godzilla,2014,剧集,Seamus McGarvey,"Sense of scale,Obscured monster reveals,Atmospheric lighting,Disaster movie aesthetic,Handheld camera work",ARRI Alexa Plus
227,Gomorrah,2014,剧集,"Paolo Carnera, Ivan Casalgrandi","Gritty realism,handheld camera work,naturalistic lighting,documentary style","Arri Alexa Plus, Canon 7D"
228,Guardians of the Galaxy,2014,动漫/动画,Ben Davis,"Colorful cosmic worlds,70s/80s aesthetic,Space opera visuals,Charismatic character animation (Groot, Rocket),Action-comedy tone",ARRI Alexa XT
229,Interstellar,2014,剧集,Hoyte van Hoytema,"Anamorphic lenses,Practical effects,IMAX photography,Natural light,Cosmic scale","IMAX MSM 9802, Panavision 65"
230,Jauja,2014,动漫/动画,Timo Salminen,"4:3圆角画幅,复古胶片质感,荒野诗","Arricam LT, Cooke S4 Lenses"
231,John Wick,2014,电影,Jonathan Sela,"Gun-fu, neon-lit, long takes",Arri Alexa XT
232,Leviathan,2014,动漫/动画,Mikhail Krichman,"广袤空间,冷峻色调,社会寓言","Arri Alexa Plus, Zeiss Master Prime Lenses"
233,Song of the Sea,2014,动漫/动画,Tomm Moore,"Hand-drawn animation, watercolor-inspired backgrounds, based on Irish mythology, Celtic art style, intricate patterns","Cartoon Saloon, Mélusine Productions"
234,Space Dandy,2014,动漫/动画,Shinichiro Watanabe,"Episodic, Genre-hopping, Psychedelic, Retro sci-fi, Comedic",Digital animation
235,The Grand Budapest Hotel,2014,剧集,Robert Yeoman,"Symmetrical compositions,Miniature models,Vibrant color palettes,Changing aspect ratios,Whimsical aesthetic",Arricam ST
236,The Lego Movie,2014,动漫/动画,"Phil Lord, Christopher Miller","Photorealistic stop-motion aesthetic, CGI-simulated Lego bricks, creative world-building, fast-paced editing","Animal Logic, Lego Digital Designer"
237,Timbuktu,2014,动漫/动画,Sofian El Fani,"沙漠诗意,色彩构图,人文关怀","Arri Alexa, Cooke S4 Lenses"
238,True Detective,2014,剧集,"Adam Arkapaw (S1), Nigel Bluck (S2), Germain McMicking (S3)","Long tracking shots, bleak landscapes, naturalistic lighting, color symbolism, double exposure","Panavision Panaflex Millennium XL2, Panavision PVintage Lenses (shot on 35mm film for S1)"
239,Virunga,2014,纪录/实验,Orlando von Einsiedel (Director),"investigative documentary, conservation, undercover footage, political thriller, stunning nature cinematography","Canon C300, Sony PMW-EX1"
240,Whiplash,2014,电影,Sharone Meir,"快速剪辑, 汗水特写, 暖色调, 爵士节奏剪辑, 紧张构图",Arri Alexa XT
241,Amy,2015,纪录/实验,Asif Kapadia (Director),"archival footage, personal videos, voice-over narrative, lyrical editing, non-talking heads","Various archival formats (MiniDV, Hi8, digital video)"
242,Anomalisa,2015,动漫/动画,"Charlie Kaufman, Duke Johnson","Stop-motion animation, 3D-printed puppets, realistic character designs, mundane and melancholic atmosphere, subtle and nuanced animation","Starburns Industries, Snoot Films"
243,Better Call Saul,2015,剧集,"Arthur Albert, Marshall Adams","Deliberate framing, wide-angle lenses, low-angle shots, color symbolism, visual storytelling","RED Dragon, Arri Alexa LF, Panasonic VariCam, Panavision Panaspeed, Cooke S4 Lenses"
244,Carol,2015,电影,Edward Lachman,"Super 16mm质感, 柔焦, 1950年代色调, 窗户框架, 偷窥视角","Arri Alexa XT (Super 16mm mode), Cooke Speed Panchro"
245,Cartel Land,2015,纪录/实验,"Matthew Heineman, Matt Porwoll","immersive journalism, frontline access, visceral combat footage, moral ambiguity, character-driven","Canon C300, Canon 5D Mark III"
246,Deutschland 83,2015,剧集,"Philipp Haberlandt, Frank Lamm","80s aesthetic, split screens, archival footage, fast-paced editing, vibrant color palette","Arri Alexa, Cooke S4 Lenses"
247,Embrace of the Serpent,2015,动漫/动画,David Gallego,"黑白影像,亚马逊奇观,民族志","Arri Alexa, Cooke S4 Lenses"
248,Fauda,2015,剧集,Moshe Mishali,"Action thriller,realism,handheld camera work,fast-paced editing",Panasonic VariCam
249,Human,2015,纪录/实验,Yann Arthus-Bertrand (Director),"personal testimonies, aerial photography, emotional portraits, direct-to-camera interviews, global scale","High-speed cameras, drones, 4K digital cameras"
250,Kaili Blues,2015,动漫/动画,Wang Tianxing,"40分钟长镜头,诗意现实,潮湿南方","Canon 5D Mark III, Zeiss Compact Prime Lenses"
251,Mad Max: Fury Road,2015,剧集,John Seale,"Saturated colors,Fast-paced editing,Practical stunts,Center framing,Post-apocalyptic aesthetic",ARRI Alexa Plus
252,Master of None,2015,剧集,"Mark Schwartzbard, Thimios Bakatakis","Cinematic homages, naturalistic lighting, long takes, 4:3 aspect ratio (S3), film grain (S3)","Panasonic VariCam 35, Arricam LT (S3), Angenieux Optimo Lenses, Cooke 20-100mm (shot on 16mm film for S3)"
253,Narcos,2015,剧集,"Lula Carvalho, Carmen Cabana","Documentary style, archival footage, handheld camera, saturated colors, period authenticity","RED Epic Dragon, Panasonic Lumix GH4, Cooke S4/i, Zeiss Ultra Prime Lenses"
254,Shaun the Sheep Movie,2015,动漫/动画,"Mark Burton, Richard Starzak","Stop-motion animation, claymation, silent comedy, expressive character animation, charming and witty storytelling","Aardman Animations, StudioCanal"
255,Sicario,2015,电影,Roger Deakins,"热成像, 黄昏摄影, 沙漠光影, 紧张氛围, 剪影构图","Arri Alexa XT, Panavision C-Series Anamorphic"
256,Skam,2015,剧集,Daniel McStay,"Teen drama,naturalistic lighting,handheld camera work,real-time storytelling",Canon EOS 5D Mark III
257,Son of Saul,2015,动漫/动画,Mátyás Erdély,"4:3画幅,长镜头跟随,浅焦摄影","Arricam 2C, Cooke S4 Lenses"
258,The Assassin,2015,动漫/动画,Mark Lee Ping Bin,"东方古典美学,胶片拍摄,自然光","Arricam LT/ST, Cooke S4, Angenieux Optimo"
259,The Lobster,2015,剧集,Thimios Bakatakis,"Deadpan cinematography,Natural lighting,Static compositions,Awkward framing,Dystopian realism",RED Epic
260,The Martian,2015,剧集,Dariusz Wolski,"Realistic Mars landscapes,GoPro footage,Helmet POV shots,Hard sci-fi aesthetic,Vast and lonely vistas",RED Epic Dragon
261,The Revenant,2015,动漫/动画,Emmanuel Lubezki,"自然光,超广角,沉浸式长镜头","Arri Alexa 65/XT M, Leica Summilux-C, Zeiss Master Primes"
262,Versailles,2015,剧集,Pierre-Yves Bastard,"Historical drama,lavish costumes and sets,naturalistic lighting,period-perfect details",ARRI Alexa
263,Victoria,2015,动漫/动画,Sturla Brandth Grøvlen,"全片一镜到底,柏林夜景,即兴表演","Canon EOS C300, Zeiss Compact Prime Lenses"
264,13th,2016,纪录/实验,Ava DuVernay (Director),"archival analysis, motion graphics, expert interviews, historical narrative, racial injustice","Arri Amira, Canon C300 Mark II"
265,A Silent Voice,2016,动漫/动画,Kazuya Takao,"Emotional, Delicate, Sign language, Water motifs, Lens flare",Digital animation
266,All These Sleepless Nights,2016,纪录/实验,"Michal Marczak, Maciej Twardowski","docu-fiction hybrid, fluid cinematography, youthful hedonism, Warsaw nightlife, immersive sound design","Custom gyroscopic camera rig, various digital cameras"
267,Arrival,2016,剧集,Bradford Young,"Muted color palette,Soft lighting,Minimalism,Atmospheric,Non-linear narrative visuals",ARRI Alexa XT
268,Atlanta,2016,剧集,"Christian Sprenger, Stephen Murphy","Surrealism, naturalistic lighting, long takes, hip-hop aesthetic, filmic texture","Arri Amira, Arri Alexa Mini, Kowa Prominar Spherical Primes, Cooke Panchro/i Classic Lenses"
269,Cameraperson,2016,纪录/实验,Kirsten Johnson,"cinematic memoir, ethical inquiry, fragmented narrative, global scope, power of the camera","Canon EOS C300, various other digital cameras"
270,Doctor Strange,2016,剧集,Ben Davis,"Kaleidoscopic visuals,Fractal realities,Mind-bending architecture,Mystical effects,Surreal action sequences",ARRI Alexa 65
271,El Marginal,2016,剧集,"Sergio Dotta, Miguel Abal","Prison drama,gritty realism,handheld camera work,documentary style","Red Epic, ARRI Alexa"
272,Fleabag,2016,剧集,Tony Miller,"Breaking the fourth wall, handheld camera, naturalistic lighting, intimate close-ups, anamorphic lenses","Arri Alexa Mini, Cooke Anamorphic/i Lenses"
273,Guardian: The Lonely and Great God,2016,剧集,"Kim Shin, Park Sung-yong","Dreamlike visuals,color and tone,epic scale,slow motion",Panasonic VariCam
274,In This Corner of the World,2016,动漫/动画,Sunao Katabuchi,"Hand-drawn, Historical, Hiroshima, Slice of life, Understated",Digital animation
275,Kedi,2016,纪录/实验,"Alp Korfali, Charlie Wuppermann","cat's-eye view, urban exploration, human-animal connection, observational documentary, low-angle cinematography","Canon 5D Mark III, custom camera rigs, drones"
276,March Comes in Like a Lion,2016,动漫/动画,Akiyuki Shinbo,"Watercolor style, Emotional, Shogi, Depression, Expressive",Digital animation
277,Moana,2016,动漫/动画,"Ron Clements, John Musker","Photorealistic water simulation, detailed character animation, Polynesian-inspired art direction, vibrant and lush environments",Disney's Hyperion
278,Mob Psycho 100,2016,动漫/动画,Yoshimichi Kameda,"Psychedelic, Expressive, Unpredictable, Minimalist, Explosive","Digital animation, Paint-on-glass animation"
279,Moon Lovers: Scarlet Heart Ryeo,2016,剧集,"Kim Kyu-tae, Kim Cheon-suk","Historical romance,picturesque landscapes,softened colors,dramatic close-ups",ARRI Alexa
280,Moonlight,2016,动漫/动画,James Laxton,"三段式色彩,手持摄影,皮肤质感","Arri Alexa XT, Kowa Cine Prominar Lenses"
281,Neon Demon,2016,电影,Natasha Braier,"霓虹美学, 时尚恐怖, 对称构图, 饱和色彩, 洛杉矶夜色","Arri Alexa XT, Panavision C-Series Anamorphic"
282,O.J.: Made in America,2016,纪录/实验,Ezra Edelman (Director),"epic scope, archival deep-dive, racial history, talking heads, journalistic rigor","Arri Amira, Canon C300"
283,Stranger Things,2016,剧集,"Tim Ives, Caleb Heymann","80s nostalgia, practical effects, strong color grading, lens flares, synthwave aesthetic","RED Epic Dragon, RED Helium, RED Monstro, Arri Alexa LF, Leitz Summilux-C Lenses"
284,The Crown,2016,剧集,"Adriano Goldman, Ole Birkeland","Opulent production design, painterly compositions, evolving color palette, precise camera movement, period accuracy","Sony CineAlta F55, Sony VENICE, Cooke Panchro/i Classic, Zeiss Super Speed Lenses"
285,The Handmaiden,2016,动漫/动画,Chung Chung-hoon,"精致对称构图,情欲色彩,反转叙事","Arri Alexa SXT, Cooke Anamorphic/i Lenses"
286,Toni Erdmann,2016,电影,Patrick Orth,"自然主义, 长镜头, 手持摄影, 即兴感, 欧洲现实主义",Arri Alexa Mini
287,W - Two Worlds,2016,剧集,"Jung Ji-hyun, Park Seung-woo","Webtoon integration,parallel universes,high-contrast lighting,stylized visuals","ARRI Alexa, Red Epic Dragon"
288,Westworld,2016,剧集,"Paul Cameron, John Grillo, Darran Tiernan","Juxtaposition of natural and futuristic, anamorphic lenses, film grain, lens flares, precise framing","Arricam LT/ST, Panavision Primo, Cooke S4, Zeiss Master Prime Lenses (shot on 35mm film)"
289,Your Name,2016,动漫/动画,Makoto Shinkai,"新海诚滤镜,光影细节,彗星奇观","CoMix Wave Films, Digital Animation"
290,Zootopia,2016,动漫/动画,"Byron Howard, Rich Moore","Complex fur and hair simulation, large-scale environments, diverse character designs, realistic lighting and weather effects",Disney's Hyperion
291,A Fantastic Woman,2017,电影,Benjamín Echazarreta,"镜面反射, 色彩象征, 风的视觉隐喻, 身份流动, 拉美新浪潮",Arri Alexa Mini
292,A Ghost Story,2017,动漫/动画,Andrew Droz Palermo,"1.33:1画幅,固定长镜头,时间流逝","Arri Alexa XT, Panavision C-Series Lenses"
293,American Gods,2017,剧集,"Jo Willems, Darran Tiernan, Marc Laliberté","Hyper-stylized visuals, saturated colors, slow-motion, surreal imagery, mythological aesthetic","Arri Alexa XT, Arri Alexa Mini, Blackmagic URSA Mini, Cooke Anamorphic/i Lenses"
294,Babylon Berlin,2017,剧集,"Henk Handloegten, Tom Tykwer, Achim von Borries","Expressionist lighting, decadent 1920s aesthetic, elaborate set pieces, dynamic camera movement, noir elements","Arri Alexa XT, Arri Alexa Mini, Panavision PVintage Lenses"
295,Blade Runner 2049,2017,剧集,Roger Deakins,"Neo-noir,Brutalist architecture,Atmospheric haze,Selective color,Volumetric lighting",ARRI Alexa XT Studio
296,Blade of the Immortal,2017,电影,Nobuyasu Kita,"三池崇史暴力美学, 武士动作, 血腥诗意, 手持摄影, 日本剑戟片",Red Epic Dragon
297,Coco,2017,动漫/动画,"Danielle Feinberg, Michael K. O'Brien","Bioluminescent-inspired lighting, complex particle effects, vibrant color palette, detailed textures",Pixar RenderMan
298,Dark,2017,剧集,Nikolaus Summerer,"Symmetrical framing, moody and atmospheric lighting, desaturated color palette, slow camera movements, split-screen","Arri Alexa 65, Arri Alexa Mini, Zeiss Master Primes, imes"
299,Dunkirk,2017,电影,Hoyte van Hoytema,"IMAX胶片, 沉浸式战争, 三线叙事, 实拍优先, 极致临场感","IMAX MSM 9802, Panavision Panaflex Millennium XL2"
300,El Chapo,2017,剧集,"Iván Hernández, Juan Pablo Ramírez","Biographical drama,documentary style,gritty realism,handheld camera work","Red Epic, Arri"
301,Faces Places (Visages Villages),2017,纪录/实验,"Agnès Varda, JR (Directors)","collaborative art, road movie, intergenerational friendship, large-format photography, playful tone",Digital cameras
302,Fi,2017,剧集,"Tayfun Çetindag, Alper Derli","Psychological thriller,dark and stylish,modern aesthetic,bold colors",ARRI Alexa
303,First Reformed,2017,电影,Alexander Dynan,"1.37:1画幅, 静态构图, 极简主义, 精神危机, 布列松式",Arri Alexa Mini
304,Icarus,2017,纪录/实验,Bryan Fogel (Director),"investigative thriller, real-time revelations, hidden cameras, international conspiracy, talking heads","Canon C300, GoPro"
305,Legion,2017,剧集,"Dana Gonzales, Craig Wrobleski","Surreal and psychedelic visuals, non-linear narrative, bold color palette, inventive camera work, 60s/70s aesthetic","Arri Alexa Mini, Cooke Speed Panchro Lenses"
306,Loveless,2017,动漫/动画,Mikhail Krichman,"冰冷色调,末日景观,长镜头","Arri Alexa XT, Zeiss Master Prime Lenses"
307,Loving Vincent,2017,动漫/动画,"Dorota Kobiela, Hugh Welchman","First fully painted animated feature film, oil-painted animation, impasto technique, emulation of Van Gogh's style, expressive brushstrokes","BreakThru Films, Trademark Films"
308,Made in Abyss,2017,动漫/动画,Hiroyuki Yamashita,"World-building, Fantasy, Cute but brutal, Layered abyss, Detailed backgrounds",Digital animation
309,Mindhunter,2017,剧集,"Erik Messerschmidt, Christopher Probst","Muted color palette, precise camera movements, symmetrical framing, psychological tension, dark and moody lighting","RED Xenomorph (custom), Leitz Summilux-C Lenses"
310,Money Heist,2017,剧集,Migue Amoedo,"Heist genre conventions,high-octane action,stylized color grading,dynamic camera work","Red Helium, Arri Alexa Mini"
311,Phantom Thread,2017,电影,Paul Thomas Anderson,"35mm胶片, 柔和自然光, 纺织质感, 古典构图, 亲密特写","Panavision Panaflex Millennium XL2, Panavision C-Series"
312,Star Wars: The Last Jedi,2017,剧集,Steve Yedlin,"Bold color choices (red, white),Dynamic space battles,Praetorian guard fight,Crait salt flats,Iconic compositions",Panavision Millennium DXL
313,Tabula Rasa,2017,剧集,"Dries Delputte, Brecht Goyvaerts","Psychological thriller,amnesia narrative,dark and atmospheric,unreliable narrator",ARRI Alexa Mini
314,The Breadwinner,2017,动漫/动画,Nora Twomey,"2D animation, cut-out animation for story-within-a-story, inspired by Afghan art, vibrant colors, emotional storytelling","Cartoon Saloon, Aircraft Pictures"
315,The Deuce,2017,剧集,"Vanja Černjul, Yaron Orbach","Gritty 70s aesthetic, naturalistic lighting, long takes, handheld camera, period detail","Panasonic VariCam 35, Cooke S4 Lenses"
316,The End of the F***ing World,2017,剧集,"Justin Brown, Benedict Spence","Deadpan aesthetic, symmetrical framing, road movie influences, desaturated color palette, static shots","Arri Alexa LF, RED Helium, Zeiss Supreme Primes, Cooke S4/i Lenses"
317,The Florida Project,2017,动漫/动画,Alexis Zabe,"糖果色调,儿童视角,35mm胶片","Panavision Millennium XL2, Panavision E-Series Lenses"
318,The Handmaid's Tale,2017,剧集,"Reed Morano, Colin Watkinson, Nicola Daley","Symmetrical framing, shallow depth of field, color symbolism (red, blue), high-contrast lighting, painterly compositions","Arri Alexa Mini, Canon K35 Lenses, Zeiss Super Speed Lenses"
319,The Marvelous Mrs. Maisel,2017,剧集,M. David Mullen,"Vibrant color palette, long takes, choreographed camera movement, period detail, theatrical lighting","Arri Alexa, Panavision Primo Lenses, DJI Ronin 4D"
320,"The Night Is Short, Walk on Girl",2017,动漫/动画,Masaaki Yuasa,"Surreal, Energetic, Interconnected stories, Long night, Unique character designs",Digital animation
321,The Shape of Water,2017,剧集,Dan Laustsen,"Teal and gold palette,Fluid camera movement,Gothic romance,Shadows and light,Underwater feel",ARRI Alexa XT
322,Thor: Ragnarok,2017,剧集,Javier Aguirresarobe,"Jack Kirby-inspired visuals,80s retro-futurism,Vibrant and psychedelic colors,Comedic tone,Sakaar junk planet aesthetic",ARRI Alexa 65
323,War for the Planet of the Apes,2017,剧集,Michael Seresin,"Photorealistic apes,Performance capture,Bleak and snowy landscapes,Dark and somber tone,Epic battle sequences",ARRI Alexa 65
324,Zama,2017,动漫/动画,Rui Poças,"殖民地挽歌,停滞感,自然光","Arri Alexa Mini, Cooke S4 Lenses"
325,1983,2018,剧集,"Tomasz Naumiuk, Arkadiusz Tomiak","Alternate history,dystopian,political thriller,noir aesthetic","Red Epic,Red Epic-"
326,An Elephant Sitting Still,2018,动漫/动画,Fan Chao,"234分钟长镜头,灰暗色调,手持跟拍",Canon 600D
327,Annihilation,2018,剧集,Rob Hardy,"The Shimmer effect,Organic textures,Psychedelic visuals,Body horror,Lush and threatening nature",RED Weapon Dragon
328,Black Panther,2018,剧集,Rachel Morrison,"Afrofuturism,Vibrant costume and production design,Wakanda's advanced technology,Ritual combat scenes,Kinetic action",ARRI Alexa XT
329,Burning,2018,动漫/动画,Hong Kyung-pyo,"暧昧光影,长镜头,魔幻时刻","Arri Alexa 65, Cooke S7/i Lenses"
330,Cold War,2018,动漫/动画,Łukasz Żal,"黑白摄影,学院画幅,古典构图","Arri Alexa XT, Cooke S4, Angenieux Optimo"
331,Early Man,2018,动漫/动画,Nick Park,"Stop-motion animation, claymation, prehistoric setting, charming and goofy characters, classic Aardman humor","Aardman Animations, StudioCanal"
332,Elite,2018,剧集,"Daniel Sosa, Ricardo de Gracia","Teen drama,high-contrast lighting,fast-paced editing,glamorous aesthetic","Red Epic, Arri Alexa"
333,Free Solo,2018,纪录/实验,"Jimmy Chin, Clair Popkin, Mikey Schaefer","vertigo-inducing cinematography, intimate character study, high-stakes suspense, long-lens photography, remote cameras","Canon C300 Mark II, RED Weapon, DJI Inspire 2"
334,Hereditary,2018,电影,Pawel Pogorzelski,"Dollhouse aesthetic, slow zooms, dark",Arri Alexa Mini
335,High Life,2018,电影,Yorick Le Saux,"密闭空间, 有机质感, 太空极简, 身体性, 黑暗美学",Arri Alexa Mini
336,Isle of Dogs,2018,动漫/动画,Wes Anderson,"Stop-motion animation, intricate miniature sets, detailed puppets, Japanese-inspired aesthetic, symmetrical compositions","Indian Paintbrush, American Empirical Pictures"
337,Killing Eve,2018,剧集,"Julian Court, Tim Palmer","Stylish visuals, vibrant color palette, fashion-forward aesthetic, international locations, dynamic camera work","Arri Alexa Mini, Arri Alexa LF, Canon K35, Arri DNA Lenses"
338,Long Day's Journey into Night,2018,动漫/动画,"Yao Hung-I, Dong Jinsong, David Chizallet","60分钟3D长镜头,梦境现实,霓虹光影","RED Epic-W, Zeiss Master Prime Lenses"
339,Mandy,2018,电影,Benjamin Loeb,"霓虹红色, 迷幻色彩, 金属质感, 慢动作, 超现实暴力",Red Weapon Helium 8K
340,Maquia: When the Promised Flower Blooms,2018,动漫/动画,Mari Okada,"High fantasy, Emotional, Weaving, Motherhood, Detailed textiles",Digital animation
341,Minding the Gap,2018,纪录/实验,Bing Liu (Director),"longitudinal documentary, raw intimacy, skateboarding footage, first-person narrative, social issues","Panasonic GH4, Canon C100"
342,Mr. Sunshine,2018,剧集,"Lee Eung-bok, Jung Ji-hyun","Dutch angle shots,short-sided shots,epic scale,historical reconstruction",ARRI Alexa
343,My Brilliant Friend,2018,剧集,"Fabio Cianchetti, Ivan Casalgrandi","Neorealist aesthetic, naturalistic lighting, long takes, handheld camera, period detail","Arri Alexa Mini, Arri Alexa XT Plus, Zeiss Master Prime Lenses"
344,My Mister,2018,剧集,"Kim Sang-woo, Park Jung-hoon","Muted color palette,long takes,emotional depth,urban loneliness","ARRI Alexa, RED Dragon"
345,Narcos: Mexico,2018,剧集,"Luis David Sansans, Damián García, Dariela Ludlow","Gritty realism, dusty color palette, anamorphic lenses, handheld camera, period detail","RED DSMC2 Helium, Hawk V-Lite Anamorphic Lenses, Zeiss Supreme Primes"
346,Pose,2018,剧集,"Simon Dennis, Nelson Cragg, Andrei Bowden-Schwartz","Vibrant color palette, stylized ballroom sequences, dramatic lighting, 80s/90s aesthetic, celebratory visuals","Arri Alexa Mini, Panavision Primo, Cooke Anamorphic/i Lenses"
347,Ralph Breaks the Internet,2018,动漫/动画,"Rich Moore, Phil Johnston","Detailed and imaginative depiction of the internet, vast and complex environments, diverse character designs, integration of real-world brands",Disney's Hyperion
348,Ready Player One,2018,剧集,Janusz Kamiński,"Virtual world (OASIS),80s pop culture references,Motion capture,CG-heavy action,Split between virtual and real worlds",Panavision Millennium DXL2
349,Roma,2018,动漫/动画,Alfonso Cuarón,"黑白摄影,深焦镜头,数字65mm","Arri Alexa 65, Prime 65 Lenses"
350,Sacred Games,2018,剧集,"Swapnil Sonawane, Sylvester Fonseca, Aseem Bajaj","Gritty realism,neo-noir aesthetic,handheld camera work,split timelines","Red Helium, Cooke S5i"
351,Shoplifters,2018,动漫/动画,Ryuto Kondo,"自然主义光影,手持摄影,家庭空间","Arricam ST, Zeiss Super Speed Lenses"
352,Sorry to Bother You,2018,动漫/动画,Doug Emmett,"Surrealist visuals,Stop-motion animation,Absurdist comedy,Social satire,Bold and colorful",ARRI Alexa Mini
353,Spider-Man: Into the Spider-Verse,2018,动漫/动画,Patrick O'Keefe (Art Director),"Comic book aesthetic,Kirby Krackle,CMYK color separation,2.5D animation,Mixed frame rates",Sony Pictures Imageworks Pipeline
354,Succession,2018,剧集,"Andrij Parekh, Patrick Capone, Christopher Norr","Documentary style, zoom lenses, fly-on-the-wall perspective, naturalistic lighting, film grain","Arricam LT/ST, Panavision Millennium XL2, Leitz Summilux-C, Angenieux Optimo Lenses (shot on 35mm film)"
355,Suspiria,2018,电影,Sayombhu Mukdeeprom,"柔焦镜头, 70年代色调, 舞蹈编排, 身体恐怖, 政治隐喻","Arri Alexa SXT, Panavision Ultra Speed MKII"
356,The Haunting of Hill House,2018,剧集,Michael Fimognari,"Long takes, seamless transitions, hidden ghosts, atmospheric lighting, dual timelines","Arri Alexa 65, Panavision Primo 70 Lenses"
357,The Mechanism,2018,剧集,"Lula Carvalho, Azul Serra","Political thriller,documentary style,fast-paced editing,gritty realism",ARRI Alexa
358,The Protector,2018,剧集,Gökhan Tiryaki,"Fantasy,superhero,Istanbul setting,historical mythology",ARRI Alexa
359,The Rain,2018,剧集,"Lars Reinholdt, Rasmus Heise","Post-apocalyptic setting,naturalistic lighting,handheld camera work,bleak atmosphere",ARRI Alexa Mini
360,The Terror,2018,剧集,"Florian Hoffmeister, Kolja Brandt","Claustrophobic atmosphere, bleak and desaturated color palette, naturalistic lighting, slow and deliberate camera movements, period detail","Arri Alexa XT, Panavision Primo Lenses"
361,The Wolf House (La Casa Lobo),2018,动漫/动画,"Cristóbal León, Joaquín Cociña","stop-motion, painterly animation, psychological horror, decaying reality, material transformation","Stop-motion animation, painting on walls, sculpture, found objects"
362,The Young Offenders,2018,剧集,"Paddy Jordan, JJ Rolfe","Handheld camera, naturalistic lighting, comedic timing, authentic Cork locations, energetic style","Arri Alexa Mini, Cooke S4/i Lenses"
363,Upgrade,2018,剧集,Stefan Duscio,"Gyro-stabilized camera,Body-sync action sequences,Cyberpunk aesthetic,Practical effects,Gritty and violent",ARRI Alexa XT
364,Violet Evergarden,2018,动漫/动画,Kohei Funamoto,"KyoAni quality, Detailed character animation, Emotional, Beautiful backgrounds, Letter writing",Digital animation
365,Yellowstone,2018,剧集,"Ben Richardson, Christina Alexandra Voros","Expansive landscapes, natural light, modern western aesthetic, handheld shots, epic scale","Arri Alexa Mini, Arri Amira, Panavision Primo, Angenieux Optimo Lenses"
366,1917,2019,电影,Roger Deakins,"One-shot illusion, immersive, natural light",Arri Alexa Mini LF
367,Ad Astra,2019,剧集,Hoyte van Hoytema,"Realistic space travel,Melancholic tone,Stark and beautiful compositions,Minimalist visuals,Psychological journey",Arricam LT
368,Apollo 11,2019,纪录/实验,Todd Douglas Miller (Director),"archival footage restoration, 70mm film, immersive experience, split-screen, direct cinema","Custom 70mm and 35mm cameras, 16mm film"
369,Beanpole,2019,动漫/动画,Ksenia Sereda,"绿色主色调,油画质感,战后创伤","Arri Alexa Mini, Cooke S4 Lenses"
370,Chernobyl,2019,剧集,Jakob Ihre,"Documentary realism, desaturated color palette, period-accurate lenses, handheld camera, naturalistic lighting","Arri Alexa Mini, Cooke Speed Panchro Lenses"
371,Children of the Sea,2019,动漫/动画,Kenichi Konishi,"Psychedelic, Marine life, Hand-drawn, Fluid animation, Spiritual","Digital animation, CGI"
372,Color Out of Space,2019,剧集,Steve Annis,"Lovecraftian horror,Magenta and purple hues,Body horror and mutations,Cosmic dread,Alpaca farm setting",Panavision Millennium DXL2
373,Delhi Crime,2019,剧集,"Johan Heurlin Aidt, David Bolen","Crime drama,docudrama style,handheld camera work,realistic and gritty","Arri Alexa Mini, Sony Venice"
374,Demon Slayer: Kimetsu no Yaiba,2019,动漫/动画,Akira Matsushima,"Ukiyo-e style, Dynamic action, Breathing techniques, Fluid animation, Historical fantasy","Digital animation, ufotable's in-house tools"
375,Euphoria,2019,剧集,"Marcell Rév, Drew Daniels","Kinetic camera movement, expressive lighting, neon color palette, long takes, film grain","Arricam LT, Arri Alexa 65, Cooke S4/i, Zeiss Super Speed, Kodak Ektachrome (shot on 35mm film)"
376,First Cow,2019,动漫/动画,Christopher Blauvelt,"4:3画幅,自然主义,柔和光线","Arricam LT, Cooke S4 Lenses"
377,Good Omens,2019,剧集,Gavin Finney,"Whimsical and stylized visuals, distinct color palettes for Heaven and Hell, Dutch angles, playful camera work, seamless VFX","Arri Alexa SXT, Cooke Anamorphic/i Lenses"
378,Green Frontier,2019,剧集,Paulo Andres Perez,"Magical realism,Amazon rainforest setting,mysterious atmosphere,lush visuals",Sony VENICE
379,Honeyland,2019,纪录/实验,"Fejmi Daut, Samir Ljuma","observational cinema, natural light, intimate access, verité style, environmental parable",Digital cameras
380,I Lost My Body,2019,动漫/动画,Jérémy Clapin,"2D and 3D animation blend, black-and-white flashbacks, sensory details, poetic and melancholic tone, unique perspective","Xilam Animation, Auvergne-Rhône-Alpes Cinéma"
381,Joker,2019,电影,Lawrence Sher,"70年代纽约, 胶片质感, 角色驱动光影, 衰败城市, 心理写实","Arri Alexa 65, Panavision H-Series"
382,Kaguya-sama: Love Is War,2019,动漫/动画,Mamoru Hatakeyama,"Psychological comedy, Minimalist, Expressive characters, Split screens, Visual gags",Digital animation
383,Kingdom,2019,剧集,Nak Seon Go,"Historical setting,zombie horror,tracking shots,dark and gritty",Arri Alexa Mini LF
384,Klaus,2019,动漫/动画,Sergio Pablos,"2D animation with volumetric lighting and texturing, hand-drawn characters, classical animation style, innovative lighting techniques","The SPA Studios, Toon Boom Harmony"
385,"Love, Death & Robots",2019,动漫/动画,Various,"Hyper-realistic CGI, diverse animation styles, mature themes, experimental storytelling","Various (Blur Studio, Platige Image, etc.)"
386,Midsommar,2019,电影,Pawel Pogorzelski,"Folk horror, vibrant, unsettling",Panavision DXL2
387,Monos,2019,动漫/动画,Jasper Wolf,"蛮荒景观,迷幻色彩,手持摄影","Arri Alexa Mini, Cooke S4 Lenses"
388,Our Planet,2019,纪录/实验,Various,"4K resolution, conservation focus, global ecosystems, stunning visuals, drone and gimbal technology","RED Dragon, Sony F55, Phantom Flex4K, DJI Inspire 2"
389,Parasite,2019,动漫/动画,Hong Kyung-pyo,"空间叙事,对比构图,冷暖色调","Arri Alexa 65, Cooke S7/i, Leica Summilux-C"
390,Portrait of a Lady on Fire,2019,动漫/动画,Claire Mathon,"油画质感,烛光照明,女性凝视","RED Monstro, Leitz Thalia Lenses"
391,Promare,2019,动漫/动画,Hiroyuki Imaishi,"Geometric shapes, Vibrant colors, High-octane action, Mecha, Trigger style","Digital animation, CGI"
392,Sex Education,2019,剧集,"Jamie Cairney, Oli Russell","Vibrant color palette, 80s aesthetic, cinematic framing, naturalistic lighting, anamorphic lenses","Sony VENICE, Cooke Anamorphic/i Lenses"
393,The Gift,2019,剧集,"Ahmet Sesigürgil, Feza Çaldiran","Mystery,archaeology,supernatural elements,Anatolian landscapes",ARRI Alexa
394,The Lighthouse,2019,电影,Jarin Blaschke,"Black and white, 1.19:1 aspect ratio, German Expressionism",Panavision Panaflex Millennium XL2
395,The Longest Day in Chang'an,2019,剧集,"Jing Chong, Cao Dun","Historical reconstruction,long takes,dynamic camera movement,grand scale",ARRI Alexa
396,The Mandalorian,2019,剧集,"Greig Fraser, Barry ""Baz"" Idoine, David Klein","Virtual production, real-time rendering, immersive environments, seamless VFX, tangible lighting","Arri Alexa LF, Panavision Ultra Vista Lenses, StageCraft (The Volume)"
397,The Untamed,2019,剧集,Sun Molong,"Wuxia aesthetic,traditional Chinese elements,dynamic action sequences,color and light",Arri Alexa
398,The Witcher,2019,剧集,"Jean-Philippe Gossart, Gavin Struthers","Fantasy,monster hunting,medieval world,epic scale","Panavision Millennium DXL2, Arri Alexa Mini LF"
399,Unbelievable,2019,剧集,"Quyen Tran, Xavier Grobet, John Lindley","Naturalistic lighting, documentary style, muted color palette, emotional close-ups, sensitive framing","Arri Alexa Mini, Canon C300 Mark II, Cooke S4/i Lenses"
400,Uncut Gems,2019,电影,Darius Khondji,"35mm胶片, 霓虹钻石, 焦虑美学, 浅景深, 纽约地下","Arriflex 435, Panavision C-Series Anamorphic"
401,Undercover,2019,剧集,"Kenson Lee, Laurens De Geyter","Crime drama,undercover operation,realistic portrayal,suspenseful storytelling",ARRI Alexa Mini
402,Weathering with You,2019,动漫/动画,Makoto Shinkai,"Photorealistic weather, Rain, Tokyo, Light and shadow, Emotional","Digital animation, CGI"
403,Alice in Borderland,2020,剧集,Taro Kawazu,"High-production value,VFX-heavy,cinematic look,dystopian aesthetic",Arri Alexa LF
404,Bridgerton,2020,剧集,"Jeffrey Jur, Alicia Robbins","Vibrant color palette, romantic lighting, elaborate set design, modern regency aesthetic, dynamic camera movement","Sony VENICE, Cooke S5/i Lenses"
405,Devs,2020,剧集,Rob Hardy,"Symmetrical and sterile compositions, minimalist aesthetic, bold use of color, slow and deliberate camera movements, sci-fi noir","Sony VENICE, Zeiss Supreme Prime Lenses"
406,Dick Johnson Is Dead,2020,纪录/实验,Kirsten Johnson,"docu-fantasy, staged deaths, dark humor, personal memoir, ethical exploration","Arri Amira, Canon C300 Mark II"
407,I May Destroy You,2020,剧集,Adam Gillham,"Direct and intimate cinematography, naturalistic lighting, non-linear narrative, bold color choices, subjective camera","Arri Alexa Mini, Cooke S4/i Lenses"
408,Jujutsu Kaisen,2020,动漫/动画,Tadashi Hiramatsu,"Cursed energy, Dynamic combat, Dark fantasy, Grotesque creatures, Cinematic","Digital animation, CGI"
409,Minari,2020,动漫/动画,Lachlan Milne,"温暖色调,家庭诗意,自然光","Arri Alexa Mini, Panavision PVintage Lenses"
410,Never Rarely Sometimes Always,2020,动漫/动画,Hélène Louvart,"16mm胶片,纪录片风格,亲密视角","Arriflex 416, Zeiss Super Speed Lenses"
411,Nomadland,2020,纪录/实验,Joshua James Richards,"自然光, 魔幻时刻, 广袤风景, 纪实与虚构融合, 流浪美学",Arri Alexa Mini LF
412,Normal People,2020,剧集,"Suzie Lavelle, Kate McCullough","Intimate close-ups, shallow depth of field, naturalistic lighting, handheld camera, melancholic tone","Arri Alexa Mini, Canon K35 Lenses"
413,Possessor,2020,电影,Karim Hussain,"身体恐怖, 实用特效, 迷幻色彩, 科幻惊悚, 柯南伯格式","Arri Alexa Mini, Panavision Primo"
414,Promising Young Woman,2020,电影,Benjamin Kracun,"糖果色调, 流行美学颠覆, 粉色与暴力, 讽刺视觉, 女性主义",Arri Alexa Mini
415,"Quo Vadis, Aida?",2020,动漫/动画,Christine A. Maier,"战争纪实感,手持跟拍,冷色调","Arri Alexa Mini, Cooke S4 Lenses"
416,Ragnarok,2020,剧集,"Niels A. Hansen, Jesper Tøffner","Modern take on Norse mythology,superhero elements,coming-of-age story,stunning Norwegian landscapes",ARRI Alexa Mini
417,Soul,2020,动漫/动画,"Matt Aspbury, Ian Megibben","Abstract character design,The Great Before,Ethereal lighting,Jazz club atmosphere,Photorealistic New York",Pixar RenderMan
418,Ted Lasso,2020,剧集,"David Rom, Vanessa Whyte","Warm and optimistic color palette, handheld camera, cinematic feel, naturalistic lighting, wide-angle lenses","Arri Alexa Mini LF, Tokina Cinema Vista Prime Lenses"
419,Tenet,2020,剧集,Hoyte van Hoytema,"Time inversion,Practical effects,Large-format cinematography,Complex action sequences,Reverse entropy visuals",IMAX MKIV
420,The Great,2020,剧集,"John Brawley, Maja Zamojda","Anachronistic style, opulent production design, dark humor, dynamic camera movement, vibrant color palette","Arri Alexa SXT, Blackmagic URSA Mini Pro, Cooke S5/i, Zeiss Super Speed Lenses"
421,The Queen's Gambit,2020,剧集,Steven Meizler,"Symmetrical compositions, period detail, color symbolism, psychological perspective, dynamic camera movement","RED Ranger Monstro 8K, Zeiss Supreme Prime Lenses"
422,Time,2020,纪录/实验,"Nisa Racho, Garrett Bradley","black and white, slow-motion, intimate portrait, non-linear timeline, archival home videos","Canon C300 Mark II, MiniDV"
423,Wolfwalkers,2020,动漫/动画,"Tomm Moore, Ross Stewart","Hand-drawn animation, expressive linework, triptych-style compositions, inspired by woodblock printing, dynamic action sequences","Cartoon Saloon, Mélusine Productions"
424,Arcane,2021,动漫/动画,Fortiche Production,"Painterly 2D/3D blend, hand-painted textures, expressive character animation, dynamic cinematography","Fortiche Production's proprietary tools, Blender"
425,Belle,2021,动漫/动画,Mamoru Hosoda,"Virtual world 'U', Disney-esque, Musical, Avatar, Emotional","Digital animation, CGI"
426,Drive My Car,2021,动漫/动画,Hidetoshi Shinomiya,"公路电影美学,克制镜头,红车符号","Arri Alexa Mini, Cooke Anamorphic/i Lenses"
427,Dune,2021,剧集,Greig Fraser,"Monumental scale,Naturalism,Desaturated palette,Painterly composition,Immersive atmosphere",ARRI Alexa LF
428,Encanto,2021,动漫/动画,"Jared Bush, Byron Howard","Magical realism, vibrant and colorful Colombian-inspired setting, detailed character animation, expressive musical sequences",Disney's Hyperion
429,Flee,2021,动漫/动画,N/A (动画导演: Jonas Poher Rasmussen),"简约动画, 纪录片动画融合, 记忆重构, 手绘风格, 难民叙事","Adobe Animate, After Effects"
430,Invisible City,2021,剧集,"Glauco Firpo, Kaue Zilli","Magical realism,Brazilian folklore,mysterious atmosphere,lush visuals",ARRI Alexa
431,Judas and the Black Messiah,2021,纪录/实验,Sean Bobbitt,"70年代质感, 政治紧张, 暖色调, 手持纪实, 历史重现",Arri Alexa LF
432,Lamb,2021,电影,Eli Arenson,"冰岛风景, 民间恐怖, 自然光, 冷色调, 北欧极简",Arri Alexa Mini LF
433,Memoria,2021,动漫/动画,Sayombhu Mukdeeprom,"声音视觉化,固定长镜头,神秘氛围","Arricam LT, Cooke S4 Lenses"
434,Spencer,2021,电影,Claire Mathon,"16mm胶片质感, 梦幻柔焦, 宫殿幽闭, 心理惊悚, 时尚摄影","Arri Alexa Mini, 16mm Film"
435,Squid Game,2021,剧集,"Lee Hyung-deok, Kim Ji-yong","Surreal,colorful world,geometric framing,stylized lighting,tension","Red Ranger Monstro, Arri Alexa 35"
436,The Chestnut Man,2021,剧集,"Sine Brooker, Louise McLaughlin","Nordic noir,dark and moody,atmospheric lighting,slow-burn suspense",Sony VENICE
437,The French Dispatch,2021,电影,Robert Yeoman,"画幅切换, 黑白与彩色交替, 对称构图, 杂志美学, 韦斯安德森风格","Arri Alexa 65, 35mm Film"
438,The Green Knight,2021,剧集,Andrew Droz Palermo,"Painterly compositions,Medieval fantasy,Atmospheric and dreamlike,Symbolic imagery,Rich and textured visuals",ARRI Alexa 65
439,The Mitchells vs. the Machines,2021,动漫/动画,"Mike Rianda, Jeff Rowe","2D and 3D animation blend, hand-drawn",
440,The Power of the Dog,2021,动漫/动画,Ari Wegner,"哥特式西部,压抑构图,胶片质感","Arri Alexa LF, Panavision Ultra Panatar Lenses"
441,The White Lotus,2021,剧集,"Ben Kutchins, Xavier Grobet","Saturated colors, voyeuristic framing, slow zooms, natural beauty, unsettling atmosphere","Arri Alexa Mini, Panavision Primo, Zeiss Super Speed, Cooke S4/i Lenses"
442,The Worst Person in the World,2021,动漫/动画,Kasper Tuxen,"35mm胶片,城市浪漫,时间静止","Arricam LT, Cooke S4 Lenses"
443,UFOs (OVNI(s)),2021,剧集,Nicolas Gaurin,"Retro 70s aesthetic,workplace comedy,sci-fi elements,dry satire",ARRI Alexa Mini
444,Young Royals,2021,剧集,Gabriel Mkrttchian,"Teen drama,naturalistic lighting,handheld camera work,emotional intimacy","Sony VENICE, Panavision Primo 70mm"
445,Aftersun,2022,动漫/动画,Gregory Oke,"DV影像美学,记忆碎片,情感闪回","Arricam LT, Cooke S4 Lenses"
446,All Quiet on the Western Front,2022,电影,James Friend,"去饱和战争, 泥泞质感, 沉浸式战壕, 冷色调, 德国表现主义回响","Arri Alexa Mini LF, Panavision T-Series Anamorphic"
447,Avatar: The Way of Water,2022,动漫/动画,Russell Carpenter,"Underwater performance capture,High frame rate,Photorealistic CGI,Advanced 3D,Bioluminescent world",Sony CineAlta Venice 3D
448,Chainsaw Man,2022,动漫/动画,Ryu Nakayama,"Gory, Kinetic, Cinematic, Dark humor, Grotesque","Digital animation, CGI"
449,Close,2022,动漫/动画,Frank van den Eeden,"花田色彩,情感特写,自然光","Arri Alexa Mini, Cooke S4 Lenses"
450,Crimes of the Future,2022,电影,Douglas Koch,"身体变异, 有机建筑, 冷色科技, 柯南伯格回归, 后人类美学",Arri Alexa Mini LF
451,Cyberpunk: Edgerunners,2022,动漫/动画,Hiroyuki Imaishi,"Cyberpunk, Neon-drenched, Hyper-violent, Trigger style, Emotional","Digital animation, CGI"
452,Decision to Leave,2022,电影,Kim Ji-yong,"Voyeuristic, reflective, precise",Arri Alexa Mini
453,EO,2022,动漫/动画,Michał Dymek,"动物主观视角,红色滤镜,公路之旅","Arri Alexa Mini LF, Cooke Anamorphic/i Lenses"
454,Everything Everywhere All at Once,2022,剧集,Larkin Seiple,"Genre-hopping visuals,Dynamic aspect ratios,Practical effects,Fast-paced editing,Kaleidoscopic imagery",ARRI Alexa Mini
455,Guillermo del Toro's Pinocchio,2022,动漫/动画,"Guillermo del Toro, Mark Gustafson","Stop-motion animation, handcrafted puppets, dark and mature themes, detailed and atmospheric sets, expressive character animation","Netflix Animation, The Jim Henson Company"
456,Nope,2022,电影,Hoyte van Hoytema,"IMAX, day-for-night, spectacle","IMAX MKIV, Panavision System 65"
457,Puss in Boots: The Last Wish,2022,动漫/动画,N/A (视觉总监: Nate Wragg),"水彩渲染, 低帧率动画, 绘本风格, 2D/3D融合, 表现主义","DreamWorks Animation, Presto"
458,RRR,2022,电影,K. K. Senthil Kumar,"Maximalist, slow-motion, vibrant",Arri Alexa LF
459,Saint Omer,2022,动漫/动画,Claire Mathon,"法庭剧场感,固定长镜头,女性凝视","RED Monstro, Leitz Thalia Lenses"
460,Severance,2022,剧集,Jessica Lee Gagné,"Symmetrical and sterile compositions, unsettling atmosphere, corporate aesthetic, long takes, split-screen visuals","Sony VENICE, Panavision C-Series Lenses"
461,Strange World,2022,动漫/动画,Don Hall,"Retro sci-fi aesthetic, pulp magazine-inspired visuals, unique and imaginative creature designs, vibrant and surreal environments",Disney's Hyperion
462,Suzume,2022,动漫/动画,新海诚 (Makoto Shinkai),"超写实背景, 灾难美学, 光影粒子, 日本风景, 数字水彩","Digital animation, After Effects, Photoshop"
463,The Banshees of Inisherin,2022,电影,Ben Davis,"爱尔兰风景, 柔和自然光, 田园与暴力对比, 静态构图, 寓言色调",Arri Alexa Mini LF
464,The Batman,2022,电影,Greig Fraser,"Neo-noir, chiaroscuro, rain-soaked",Arri Alexa LF
465,The Fabelmans,2022,电影,Janusz Kamiński,"光影致敬, 电影中的电影, 家庭记忆, 胶片质感, 斯皮尔伯格式光束","Arri Alexa LF, Panavision C-Series"
466,Top Gun: Maverick,2022,电影,Claudio Miranda,"IMAX实拍飞行, 机舱内摄影, 极速运动, 实拍优先, 沉浸式体验","Sony Venice, IMAX-qualified 6K full-frame"
467,Tár,2022,电影,Florian Hoffmeister,"冷色权力美学, 古典音乐厅光影, 对称构图, 心理空间, 16mm与数字混合",Arri Alexa Mini LF
468,About Dry Grasses,2023,动漫/动画,"Cevahir Şahin, Kürşat Üresin","冬日雪景,油画质感,哲学思辨","Sony Venice, Zeiss Supreme Prime Lenses"
469,All of Us Strangers,2023,动漫/动画,Jamie D. Ramsay,"35mm胶片,梦幻与现实,霓虹光影","Arricam LT, Panavision H-Series Lenses"
470,Anatomy of a Fall,2023,动漫/动画,Simon Beaufils,"伪纪录片风格,多视角叙事,冷峻色调","Sony Venice, Angenieux Optimo Lenses"
471,Asteroid City,2023,电影,Robert Yeoman,"沙漠粉彩, 画幅嵌套, 韦斯安德森极致对称, 复古科幻, 舞台化构图","Arri Alexa 65, 35mm Film"
472,Blossoms Shanghai,2023,剧集,Peter Pau,"Dreamlike cinematography,nostalgic atmosphere,dynamic camera movement,single-camera setup",Z CAM E2-F6
473,Blue Eye Samurai,2023,动漫/动画,Earl A. Hibbert (视觉总监),"2D/3D融合, 日本浮世绘风格, 暴力美学, 东方色彩, 成人动画","Toon Boom Harmony, 3D CGI hybrid"
474,Creatura,2023,剧集,Agnès Piqué Corbera,"Body exploration,Surreal imagery,Intimate and personal,Symbolic visuals,Dreamlike sequences",ARRIFLEX 416
475,El Conde,2023,剧集,Edward Lachman,"Black-and-white cinematography,Gothic satire,Vampire Pinochet,High-contrast lighting,Flying sequences",ARRI Alexa Mini
476,Godzilla Minus One,2023,剧集,Kōzō Shibasaki,"Post-war Japan setting,Destructive scale,Heat ray sequence,VFX Oscar winner,Intense and terrifying monster",Sony Venice
477,John Wick: Chapter 4,2023,电影,Dan Laustsen,"Neon-noir, dynamic, long takes",Arri Alexa LF
478,Killers of the Flower Moon,2023,纪录/实验,Rodrigo Prieto,"1920年代色调, 广角叙事, 自然光, 历史纪实感, 美国西部","Arri Alexa LF, Arri DNA LF Lenses"
479,Nimona,2023,动漫/动画,"Nick Bruno, Troy Quane","Stylized 2D/3D blend, punk rock aesthetic, expressive character animation, dynamic action sequences","DNEG Animation, Annapurna Animation"
480,Oppenheimer,2023,电影,Hoyte van Hoytema,"IMAX, black and white, practical effects","IMAX MKIV, Panavision System 65"
481,Past Lives,2023,动漫/动画,Shabier Kirchner,"35mm胶片,城市疏离感,长镜头对话","Arricam LT, Panavision H-Series Lenses"
482,Poor Things,2023,剧集,Robbie Ryan,"Fisheye lenses,Surreal and fantastical sets,Black-and-white to color transition,Steampunk aesthetic,Gothic and whimsical",Arricam LT
483,Priscilla,2023,电影,Philippe Le Sourd,"柔和粉彩, 60年代美学, 梦幻质感, 女性视角, 时尚摄影",Arri Alexa 35
484,Saltburn,2023,电影,Linus Sandgren,"英国庄园, 广角变形, 夏日金色, 欲望色彩, 暗黑童话","Arri Alexa 35, Panavision C-Series Anamorphic"
485,Society of the Snow,2023,剧集,Pedro Luque,"Andes survival,Realistic plane crash,Harsh and beautiful landscapes,Documentary-style realism,Visceral and immersive",ARRI Alexa Mini LF
486,The Boy and the Heron,2023,动漫/动画,Atsushi Okui (摄影监督),"手绘动画回归, 梦境世界, 水彩质感, 宫崎骏遗作级, 生死主题","传统手绘动画, Toonz, Digital compositing"
487,The Holdovers,2023,电影,Eigil Bryld,"70年代胶片模拟, 复古色调, 冬季光影, 学院画幅, 怀旧质感","Arri Alexa Mini LF, Panavision C-Series"
488,The Killer,2023,电影,Erik Messerschmidt,"Precise, cold, observational",RED Komodo
489,The Last of Us,2023,剧集,"Ksenia Sereda, Eben Bolter","Grounded realism, naturalistic lighting, handheld camera, emotional close-ups, faithful to game's aesthetic","Arri Alexa Mini, Cooke S4/i Lenses"
490,The Zone of Interest,2023,动漫/动画,Łukasz Żal,"固定机位,自然光,墙外摄影","Sony Venice, Leitz M 0.8 Lenses"
491,Wish,2023,动漫/动画,"Chris Buck, Fawn Veerasunthorn","2D and 3D animation blend, watercolor-inspired style, classic Disney aesthetic, starry and magical visuals",Walt Disney Animation Studios
492,3 Body Problem,2024,剧集,Jonathan Freeman,"科幻现实融合, VR世界视觉, 宇宙尺度, 多时空叙事, 粒子特效",Arri Alexa 35
493,Civil War,2024,剧集,Rob Hardy,"Modern civil war,Documentary-style realism,Intense and visceral combat,Photojournalism perspective,Gritty and unsettling",DJI Ronin 4D
494,Furiosa: A Mad Max Saga,2024,剧集,Simon Duggan,"Post-apocalyptic wasteland,Expansive action sequences,Vibrant and desolate color palette,Practical and digital VFX,Origin story aesthetic",ARRI Alexa LF
495,Kingdom of the Planet of the Apes,2024,剧集,Gyula Pados,"Photorealistic apes,Lush, overgrown world,Motion capture in natural environments,Post-human civilization,Adventure and discovery",ARRI Alexa 65
496,Love Lies Bleeding,2024,剧集,Ben Fordesman,"80s neon-noir,Bodybuilding aesthetic,Surreal and violent,Hyper-real visuals,Romantic thriller",ARRIFLEX 35 BL
497,Nosferatu,2024,电影,Jarin Blaschke,"German Expressionism, black and white, gothic",Panavision Panaflex Millennium XL2
498,Ripley,2024,剧集,Robert Elswit,"黑白摄影, 意大利光影, 希区柯克式构图, 高反差, 古典犯罪",Arri Alexa Mini LF
499,Shōgun,2024,电影,"Sam McCurdy, Christopher Ross","日本战国美学, 自然光, 胶片质感LUT, 东西方融合, 史诗构图","Arri Alexa 35, Panavision C-Series"
500,Architecton,2025,纪录/实验,Ben Bernhard,"architectural meditation, material juxtaposition, poetic destruction, infrared cinematography, drone perspective","High-resolution digital cameras, Infrared cameras, Drones"
